,0
0,http://s3-media3.fl.yelpcdn.com/bphoto/TfVRABVbRxCANHmLxhy_Ag/ms.jpg
1,http://s3-media1.fl.yelpcdn.com/bphoto/LQgK9HIiAo8IALdvn2UKQQ/ms.jpg
2,http://s3-media1.fl.yelpcdn.com/bphoto/MjytERLlP1qxFj9-aSKWFA/ms.jpg
3,http://s3-media1.fl.yelpcdn.com/bphoto/nioAK6y6FSO7UaAqDilrdw/ms.jpg
4,http://s3-media3.fl.yelpcdn.com/bphoto/EuJnuQSJjc2OUNB7VOIJLw/ms.jpg
5,http://s3-media3.fl.yelpcdn.com/bphoto/URREMbWPklE_5MwMsjJ07g/ms.jpg
6,http://s3-media1.fl.yelpcdn.com/bphoto/EboCXrrz-N-in58aesfYdA/ms.jpg
7,http://s3-media3.fl.yelpcdn.com/bphoto/bER1fLI40qYu0zcRvc_wMg/ms.jpg
8,http://s3-media1.fl.yelpcdn.com/bphoto/KnR2uiBUUCAS-NHWMl9SbA/ms.jpg
9,http://s3-media4.fl.yelpcdn.com/bphoto/5_0j3O72CQHPusnwSP_xjQ/ms.jpg
10,http://s3-media4.fl.yelpcdn.com/bphoto/Orvls9gJqr4BrTWeFst1EQ/ms.jpg
11,http://s3-media3.fl.yelpcdn.com/bphoto/WLouiEmAkvO7jhjDg-i7yg/ms.jpg
12,http://s3-media3.fl.yelpcdn.com/bphoto/3aQ2IIQEUqq7bvzwvg5Opg/ms.jpg
13,http://s3-media4.fl.yelpcdn.com/bphoto/5a8U8oCndde0YNYuPdjzeA/ms.jpg
14,http://s3-media4.fl.yelpcdn.com/bphoto/HWlYB1vToYi33ffzm9G6EA/ms.jpg
15,http://s3-media2.fl.yelpcdn.com/bphoto/U_GZbsZdQYeoFwWmKdRg_g/ms.jpg
16,http://s3-media1.fl.yelpcdn.com/bphoto/DTzQI_PsIU2aUPp5iadIeg/ms.jpg
17,http://s3-media3.fl.yelpcdn.com/bphoto/Sdr6h-mPfISj8DuUWdCAOQ/ms.jpg
18,http://s3-media3.fl.yelpcdn.com/bphoto/apMUv74XLVNprKeGCEpEUg/ms.jpg
19,http://s3-media3.fl.yelpcdn.com/bphoto/0clYyqAyCb8K5NptbmR3lg/ms.jpg
20,http://s3-media3.fl.yelpcdn.com/bphoto/QHQhkkZ_yw89FpKA4ikXIQ/ms.jpg
21,http://s3-media4.fl.yelpcdn.com/bphoto/tajUcZbzRbP_LSxfXpZK4A/ms.jpg
22,http://s3-media2.fl.yelpcdn.com/bphoto/Q1kjdawv543EPYlZwY8D5w/ms.jpg
23,http://s3-media2.fl.yelpcdn.com/bphoto/MJMHZqk00BQD3S6qvYLMVQ/ms.jpg
24,http://s3-media4.fl.yelpcdn.com/bphoto/I-XGNAXo9KAT_jypW6GSmQ/ms.jpg
25,http://s3-media3.fl.yelpcdn.com/bphoto/s5uqGMj0xIW_qwSvkRTkcg/ms.jpg
26,http://s3-media2.fl.yelpcdn.com/bphoto/rv7YGA0lXTCuWfKCFCkcBQ/ms.jpg
27,http://s3-media2.fl.yelpcdn.com/bphoto/keFoVTXOgtjFyw9RfCoZnQ/ms.jpg
28,http://s3-media4.fl.yelpcdn.com/bphoto/ERbpNyUIY0LDGvG3MONMcg/ms.jpg
29,http://s3-media2.fl.yelpcdn.com/bphoto/Kv_AcQTgAPYx3e8HrJUYlQ/ms.jpg
30,http://s3-media1.fl.yelpcdn.com/bphoto/caRTJLxmiBt2N-ov7diglw/ms.jpg
31,http://s3-media3.fl.yelpcdn.com/bphoto/D6flQYwqnScfz1lU4GDk3A/ms.jpg
32,http://s3-media3.fl.yelpcdn.com/bphoto/R-e7SJpoiNKbEgTCW_iQ5g/ms.jpg
33,http://s3-media1.fl.yelpcdn.com/bphoto/0gJ5cuX8xHN3n7vlt3aajw/ms.jpg
34,http://s3-media2.fl.yelpcdn.com/bphoto/J5JK_uM-jM4STYZqCBTdWA/ms.jpg
35,http://s3-media4.fl.yelpcdn.com/bphoto/0JHiLlAit70iCgb21lp93w/ms.jpg
36,http://s3-media1.fl.yelpcdn.com/bphoto/B8oXi2lDcryx74ZiyQ3Ucg/ms.jpg
37,http://s3-media1.fl.yelpcdn.com/bphoto/WWjeIISyxyzt6i755clwIg/ms.jpg
38,http://s3-media3.fl.yelpcdn.com/bphoto/3e96oiZr08l3riSoDex5HA/ms.jpg
39,http://s3-media2.fl.yelpcdn.com/bphoto/5fhUt1aW5FBu7fegAhhLcQ/ms.jpg
40,http://s3-media3.fl.yelpcdn.com/bphoto/SIfajFnWEEFqSsyyjNDdrw/ms.jpg
41,http://s3-media3.fl.yelpcdn.com/bphoto/3aQ2IIQEUqq7bvzwvg5Opg/ms.jpg
42,http://s3-media3.fl.yelpcdn.com/bphoto/9t8XdxY4ZKaQVoHpWJ3gng/ms.jpg
43,http://s3-media3.fl.yelpcdn.com/bphoto/i49mv6rpUf0BPuJyCisAUw/ms.jpg
44,http://s3-media3.fl.yelpcdn.com/bphoto/0clYyqAyCb8K5NptbmR3lg/ms.jpg
45,http://s3-media4.fl.yelpcdn.com/bphoto/vbKWnpsxcbP67Gk1CjqOIA/ms.jpg
46,http://s3-media1.fl.yelpcdn.com/bphoto/-dnb45j-zQc7RhMQYqdJkg/ms.jpg
47,http://s3-media3.fl.yelpcdn.com/bphoto/d6l7d1W9bqSeekkF86Mjtg/ms.jpg
48,http://s3-media1.fl.yelpcdn.com/bphoto/0w0Ox7rpWVw2Xv-KnXQ83g/ms.jpg
49,http://s3-media1.fl.yelpcdn.com/bphoto/6ax0S_5LGPbdzXWuRfsPsA/ms.jpg
50,http://s3-media3.fl.yelpcdn.com/bphoto/VsMOmYuQO4apJkfAsfEjZw/ms.jpg
51,http://s3-media1.fl.yelpcdn.com/bphoto/1tCed1S7mkUWAjR49SgNAA/ms.jpg
52,http://s3-media3.fl.yelpcdn.com/bphoto/UrQCfaZnYUWUoXFz2QQkQg/ms.jpg
53,http://s3-media3.fl.yelpcdn.com/bphoto/rQha_PMssHX98dS5OWw8Kg/ms.jpg
54,http://s3-media1.fl.yelpcdn.com/bphoto/-ClHw59vA4zMvgL2529eJw/ms.jpg
55,http://s3-media1.fl.yelpcdn.com/bphoto/Tod_uy9isoIuf6aUSgE2RQ/ms.jpg
56,http://s3-media4.fl.yelpcdn.com/bphoto/wu9EBImfimfngYQaLZKklg/ms.jpg
57,http://s3-media3.fl.yelpcdn.com/bphoto/_c8dYYG6zL6BGmcYmbRW0w/ms.jpg
58,http://s3-media2.fl.yelpcdn.com/bphoto/aRc-AGWMSi8vVBG4cMlRBA/ms.jpg
59,http://s3-media4.fl.yelpcdn.com/bphoto/0Yw9k4u_AbhYPtnkIungnA/ms.jpg
60,http://s3-media2.fl.yelpcdn.com/bphoto/5MlRYJ2ThDSp44W-PEQ-qQ/ms.jpg
61,http://s3-media2.fl.yelpcdn.com/bphoto/wPC8bPP1BB_PIcbChWuI2A/ms.jpg
62,http://s3-media1.fl.yelpcdn.com/bphoto/gdBTed9GPEZNsQJhc4gUYw/ms.jpg
63,http://s3-media2.fl.yelpcdn.com/bphoto/EZIVGGolaJ0vI2OFYOnQKw/ms.jpg
64,http://s3-media2.fl.yelpcdn.com/bphoto/dNNb2DJufMEjq1A1rGeeBw/ms.jpg
65,http://s3-media2.fl.yelpcdn.com/bphoto/y8kpLkJGwdti89yCkgaa3Q/ms.jpg
66,http://s3-media3.fl.yelpcdn.com/bphoto/lxZJT40gzRec3yRVERY-_w/ms.jpg
67,http://s3-media3.fl.yelpcdn.com/bphoto/W0rJWIgbDwrnOG0pQJZlAg/ms.jpg
68,http://s3-media3.fl.yelpcdn.com/bphoto/s-XUfOer37iwI8BxiCEU5A/ms.jpg
69,http://s3-media4.fl.yelpcdn.com/bphoto/1gumBvMowlZkimZcdckqdg/ms.jpg
70,http://s3-media1.fl.yelpcdn.com/bphoto/-mOfMU3IwVSi_kyH3T2WzQ/ms.jpg
71,http://s3-media2.fl.yelpcdn.com/bphoto/nElTZeMp7JBUGNtGV9JiKA/ms.jpg
72,http://s3-media2.fl.yelpcdn.com/bphoto/TjnHByST79kWDJSooTquyw/ms.jpg
73,http://s3-media3.fl.yelpcdn.com/bphoto/ZNTps-GCgZMs7I9rT-tA5Q/ms.jpg
74,http://s3-media2.fl.yelpcdn.com/bphoto/7JEuNBGfcAqEhjfZFlrhvg/ms.jpg
75,http://s3-media1.fl.yelpcdn.com/bphoto/QDhwu5gc5QgdSIRVtJwaTA/ms.jpg
76,http://s3-media2.fl.yelpcdn.com/bphoto/3yhyBMdQUoe2IFSsqOZBig/ms.jpg
77,http://s3-media3.fl.yelpcdn.com/bphoto/TfVRABVbRxCANHmLxhy_Ag/ms.jpg
78,http://s3-media1.fl.yelpcdn.com/bphoto/P6kopthOeQ41rqmd1RULqQ/ms.jpg
79,http://s3-media1.fl.yelpcdn.com/bphoto/kmzGwZqRM3ytrVlT80TDGw/ms.jpg
80,http://s3-media4.fl.yelpcdn.com/bphoto/Zi78ASKJJAw5tdvdcJQsKw/ms.jpg
81,http://s3-media3.fl.yelpcdn.com/bphoto/T3ZHO7TOAVNBoGZ-6fzIJw/ms.jpg
82,http://s3-media1.fl.yelpcdn.com/bphoto/KnR2uiBUUCAS-NHWMl9SbA/ms.jpg
83,http://s3-media4.fl.yelpcdn.com/bphoto/uJk-ll7JckqIEnVovkAkKg/ms.jpg
84,http://s3-media2.fl.yelpcdn.com/bphoto/lqkXggo93JqoqxmUwJgIEA/ms.jpg
85,http://s3-media1.fl.yelpcdn.com/bphoto/hOJ59-pxXWZG3tP-N7JZ4w/ms.jpg
86,http://s3-media1.fl.yelpcdn.com/bphoto/caRTJLxmiBt2N-ov7diglw/ms.jpg
87,http://s3-media4.fl.yelpcdn.com/bphoto/Orvls9gJqr4BrTWeFst1EQ/ms.jpg
88,http://s3-media1.fl.yelpcdn.com/bphoto/GJWVRqKJDBvyzjqTc0jDVA/ms.jpg
89,http://s3-media2.fl.yelpcdn.com/bphoto/J5JK_uM-jM4STYZqCBTdWA/ms.jpg
90,http://s3-media2.fl.yelpcdn.com/bphoto/hbGwNSZ3PY2RIw_6QfuVXg/ms.jpg
91,http://s3-media1.fl.yelpcdn.com/bphoto/li4VL9hF_FAHMAtoeIPDNw/ms.jpg
92,http://s3-media1.fl.yelpcdn.com/bphoto/27NpN5LgoXUGSrJHny_T0g/ms.jpg
93,http://s3-media1.fl.yelpcdn.com/bphoto/PZt6mspxJwWwiJcp-zWzdg/ms.jpg
94,http://s3-media2.fl.yelpcdn.com/bphoto/D61SjJ-B7ZYIF0QJT6x0cg/ms.jpg
95,http://s3-media2.fl.yelpcdn.com/bphoto/3yhyBMdQUoe2IFSsqOZBig/ms.jpg
96,http://s3-media4.fl.yelpcdn.com/bphoto/B8dktOzXuQac9Qv_W70orQ/ms.jpg
97,http://s3-media4.fl.yelpcdn.com/bphoto/I-XGNAXo9KAT_jypW6GSmQ/ms.jpg
98,http://s3-media3.fl.yelpcdn.com/bphoto/7hrsjaOUvDlkRr6CjMqk_g/ms.jpg
99,http://s3-media2.fl.yelpcdn.com/bphoto/rv7YGA0lXTCuWfKCFCkcBQ/ms.jpg
100,http://s3-media2.fl.yelpcdn.com/bphoto/keFoVTXOgtjFyw9RfCoZnQ/ms.jpg
101,http://s3-media2.fl.yelpcdn.com/bphoto/i_l1_7piJQ8v_V1SHmFUtg/ms.jpg
102,http://s3-media3.fl.yelpcdn.com/bphoto/_KFgzHT-gI3cDNVAXag0jw/ms.jpg
103,http://s3-media4.fl.yelpcdn.com/bphoto/-gBDZjlwrsbVZj3uVO7MMw/ms.jpg
104,http://s3-media4.fl.yelpcdn.com/bphoto/WRQ-9LluyivReFiQZFUujw/ms.jpg
105,http://s3-media3.fl.yelpcdn.com/bphoto/7zAZACbEhb7Ce2UszyljHg/ms.jpg
106,http://s3-media4.fl.yelpcdn.com/bphoto/FRCGgerZCzFEiTvYC8egMQ/ms.jpg
107,http://s3-media4.fl.yelpcdn.com/bphoto/v98-1h8TeqLB9Fx4lwxgzw/ms.jpg
108,http://s3-media4.fl.yelpcdn.com/bphoto/UVIajzNw8Np7XPr05v3qXg/ms.jpg
109,http://s3-media1.fl.yelpcdn.com/bphoto/YuDsZbQ88uVVtj8iVrRMbQ/ms.jpg
110,http://s3-media2.fl.yelpcdn.com/bphoto/R8qfIeIxG07Wa77CY7oeOg/ms.jpg
111,http://s3-media4.fl.yelpcdn.com/bphoto/3_RYgx5-PfSaMmN028BsoA/ms.jpg
112,err.png
113,http://s3-media1.fl.yelpcdn.com/bphoto/67Ks-Rkqq_q0vBKqyWOgxg/ms.jpg
114,http://s3-media1.fl.yelpcdn.com/bphoto/qKHn4ncaqbsTMZdtECQ_xw/ms.jpg
115,http://s3-media2.fl.yelpcdn.com/bphoto/cDu8r8TjU0xjNx_86T0sIg/ms.jpg
116,http://s3-media3.fl.yelpcdn.com/bphoto/KfPliHy5ASrc9Aj0UIZLzg/ms.jpg
117,http://s3-media2.fl.yelpcdn.com/bphoto/FfGczxP9O603BqM6pKTpLg/ms.jpg
118,http://s3-media4.fl.yelpcdn.com/bphoto/S0WbZ-NOmhBh8ukrvJxgXw/ms.jpg
119,http://s3-media4.fl.yelpcdn.com/bphoto/HWlYB1vToYi33ffzm9G6EA/ms.jpg
120,http://s3-media2.fl.yelpcdn.com/bphoto/1xUSxkl3UqR34TXEn5Bjpg/ms.jpg
121,http://s3-media3.fl.yelpcdn.com/bphoto/9SflePDtys37DiRRvKimxQ/ms.jpg
122,http://s3-media1.fl.yelpcdn.com/bphoto/HxEWv_OIoiYCste_4NmBlw/ms.jpg
123,http://s3-media2.fl.yelpcdn.com/bphoto/DefFZsX83KStJ7UcY8YF8Q/ms.jpg
124,http://s3-media1.fl.yelpcdn.com/bphoto/8acmocFrnE3zIN1ghIj4JA/ms.jpg
125,http://s3-media2.fl.yelpcdn.com/bphoto/LtZt2vXxN7ooEfAKfITPAQ/ms.jpg
126,http://s3-media2.fl.yelpcdn.com/bphoto/a22jv4Bzreh-4UQbJOz2zQ/ms.jpg
127,http://s3-media2.fl.yelpcdn.com/bphoto/Rzj4qVun5sJOuM2gh3a3sg/ms.jpg
128,http://s3-media1.fl.yelpcdn.com/bphoto/305F4kW1SAvqs45DHk6XXg/ms.jpg
129,http://s3-media2.fl.yelpcdn.com/bphoto/h6IzkbkGH5fRZ3MCgWJ60A/ms.jpg
130,http://s3-media2.fl.yelpcdn.com/bphoto/UwPI4jSLgLTa9r_nIuRrPA/ms.jpg
131,http://s3-media4.fl.yelpcdn.com/bphoto/XrM9kzKjtbuW2yBtFnQfrQ/ms.jpg
132,http://s3-media1.fl.yelpcdn.com/bphoto/-YA8LkMUnBhc-0oLmq9nQw/ms.jpg
133,http://s3-media1.fl.yelpcdn.com/bphoto/kmzGwZqRM3ytrVlT80TDGw/ms.jpg
134,http://s3-media3.fl.yelpcdn.com/bphoto/nAiseN_BBLZHPPG7tMYSgQ/ms.jpg
135,http://s3-media1.fl.yelpcdn.com/bphoto/3VVMm4sMYxgPuGjD1fDq0Q/ms.jpg
136,http://s3-media3.fl.yelpcdn.com/bphoto/AxYD-yb13woKMyi0k3gZ8Q/ms.jpg
137,http://s3-media1.fl.yelpcdn.com/bphoto/ZKecQKbZhqZY2GkQ9bK4Mg/ms.jpg
138,http://s3-media1.fl.yelpcdn.com/bphoto/oWh-gKGYtNjWJxl63DD-Iw/ms.jpg
139,http://s3-media1.fl.yelpcdn.com/bphoto/3K5wNH-W03JRTw5mOgPY6g/ms.jpg
140,http://s3-media1.fl.yelpcdn.com/bphoto/XumDmiJfSo9n7urnao2_5A/ms.jpg
141,http://s3-media1.fl.yelpcdn.com/bphoto/gmbsffjqR2iyXiE22Bw1uQ/ms.jpg
142,http://s3-media3.fl.yelpcdn.com/bphoto/8xJTkEE-dpAxT722wBt66A/ms.jpg
143,http://s3-media1.fl.yelpcdn.com/bphoto/8zsz3BqhXIM6ejnrmjiupw/ms.jpg
144,http://s3-media1.fl.yelpcdn.com/bphoto/sbiBwEOwWloeBlXxMcGLYA/ms.jpg
145,http://s3-media2.fl.yelpcdn.com/bphoto/Yya3CdwVkW-HpTh-qxBp5w/ms.jpg
146,http://s3-media3.fl.yelpcdn.com/bphoto/yODE7ugpC19qT--BUpkKrw/ms.jpg
147,http://s3-media4.fl.yelpcdn.com/bphoto/ZuzhGgQ5nkNHYHhJJbQZvw/ms.jpg
148,http://s3-media4.fl.yelpcdn.com/bphoto/C6sOcFWiycRZKgKzWef2Ug/ms.jpg
149,http://s3-media3.fl.yelpcdn.com/bphoto/V3puum6YoQrGDQ6myuv2CQ/ms.jpg
150,http://s3-media1.fl.yelpcdn.com/bphoto/c82M_PYRElTfmcmh9lcabQ/ms.jpg
151,http://s3-media1.fl.yelpcdn.com/bphoto/qw8Ldl1TPZ_zNjryYSmsRw/ms.jpg
152,http://s3-media2.fl.yelpcdn.com/bphoto/4HNmeBI5JgeeUmGMOk_Zrw/ms.jpg
153,http://s3-media1.fl.yelpcdn.com/bphoto/MjytERLlP1qxFj9-aSKWFA/ms.jpg
154,http://s3-media3.fl.yelpcdn.com/bphoto/nAiseN_BBLZHPPG7tMYSgQ/ms.jpg
155,http://s3-media2.fl.yelpcdn.com/bphoto/PjI7D4ozCaRa3jO1_Bdhrg/ms.jpg
156,http://s3-media4.fl.yelpcdn.com/bphoto/hPiuO5TaS1cxFbVpGFtUzg/ms.jpg
157,http://s3-media1.fl.yelpcdn.com/bphoto/3VVMm4sMYxgPuGjD1fDq0Q/ms.jpg
158,http://s3-media3.fl.yelpcdn.com/bphoto/AxYD-yb13woKMyi0k3gZ8Q/ms.jpg
159,http://s3-media1.fl.yelpcdn.com/bphoto/ZKecQKbZhqZY2GkQ9bK4Mg/ms.jpg
160,http://s3-media1.fl.yelpcdn.com/bphoto/PccunSiG7ZZtMzlponFxVQ/ms.jpg
161,http://s3-media1.fl.yelpcdn.com/bphoto/oWh-gKGYtNjWJxl63DD-Iw/ms.jpg
162,http://s3-media1.fl.yelpcdn.com/bphoto/3K5wNH-W03JRTw5mOgPY6g/ms.jpg
163,http://s3-media1.fl.yelpcdn.com/bphoto/73R8FHY1OoZru9S0pT2mMQ/ms.jpg
164,http://s3-media1.fl.yelpcdn.com/bphoto/XumDmiJfSo9n7urnao2_5A/ms.jpg
165,http://s3-media1.fl.yelpcdn.com/bphoto/VrG03lUw0pgsNTNhgiiN2g/ms.jpg
166,http://s3-media3.fl.yelpcdn.com/bphoto/8xJTkEE-dpAxT722wBt66A/ms.jpg
167,http://s3-media1.fl.yelpcdn.com/bphoto/sbiBwEOwWloeBlXxMcGLYA/ms.jpg
168,http://s3-media2.fl.yelpcdn.com/bphoto/Yya3CdwVkW-HpTh-qxBp5w/ms.jpg
169,http://s3-media3.fl.yelpcdn.com/bphoto/yODE7ugpC19qT--BUpkKrw/ms.jpg
170,http://s3-media3.fl.yelpcdn.com/bphoto/V3puum6YoQrGDQ6myuv2CQ/ms.jpg
171,http://s3-media1.fl.yelpcdn.com/bphoto/c82M_PYRElTfmcmh9lcabQ/ms.jpg
172,http://s3-media3.fl.yelpcdn.com/bphoto/N5RLwvU0moZ_lPrUae5wDA/ms.jpg
173,http://s3-media3.fl.yelpcdn.com/bphoto/eYQQmbx3helq9z4RmxEuyQ/ms.jpg
174,http://s3-media4.fl.yelpcdn.com/bphoto/hPiuO5TaS1cxFbVpGFtUzg/ms.jpg
175,http://s3-media3.fl.yelpcdn.com/bphoto/ZFHvywA2cfs6zF64swpYmA/ms.jpg
176,http://s3-media2.fl.yelpcdn.com/bphoto/Jfi4DMn6TMhP15DYf69E0Q/ms.jpg
177,http://s3-media3.fl.yelpcdn.com/bphoto/CLMcKM3zJStl3tRBAod3xw/ms.jpg
178,http://s3-media3.fl.yelpcdn.com/bphoto/UICE8hD0KLex5oo7ETa27g/ms.jpg
179,http://s3-media4.fl.yelpcdn.com/bphoto/XEwLqyubAMGtMlHv30Iv1g/ms.jpg
180,http://s3-media4.fl.yelpcdn.com/bphoto/EPAaF1EaHGqqSyv5GvgyWw/ms.jpg
181,http://s3-media1.fl.yelpcdn.com/bphoto/8zsz3BqhXIM6ejnrmjiupw/ms.jpg
182,http://s3-media2.fl.yelpcdn.com/bphoto/TJmqO9lgJ4ff3VPzH5t0GA/ms.jpg
183,http://s3-media4.fl.yelpcdn.com/bphoto/gPrtMhL5KuLvn0NajLf8tQ/ms.jpg
184,http://s3-media3.fl.yelpcdn.com/bphoto/DvhsKLeGf8DoPauEOS6_rQ/ms.jpg
185,http://s3-media1.fl.yelpcdn.com/bphoto/6J1qg0qtgO-2euyOg6IGeA/ms.jpg
186,http://s3-media3.fl.yelpcdn.com/bphoto/IBqNC7t5wZ6pLx4Pp3lrzw/ms.jpg
187,http://s3-media2.fl.yelpcdn.com/bphoto/HxBZyVll5qdsSYJvqLhLWA/ms.jpg
188,http://s3-media3.fl.yelpcdn.com/bphoto/zN3ys7oDP75w2ywZklzrxw/ms.jpg
189,http://s3-media3.fl.yelpcdn.com/bphoto/J4VvqItDc9rmbB92dXYVXA/ms.jpg
190,http://s3-media1.fl.yelpcdn.com/bphoto/LQgK9HIiAo8IALdvn2UKQQ/ms.jpg
191,http://s3-media1.fl.yelpcdn.com/bphoto/2sh90NjbZPwP90dFCkIH8Q/ms.jpg
192,http://s3-media3.fl.yelpcdn.com/bphoto/E9vMBUsJ86_FIRGbIDIETw/ms.jpg
193,http://s3-media2.fl.yelpcdn.com/bphoto/uzRQO7h-vf3cbZXk6ZVJ4g/ms.jpg
194,http://s3-media2.fl.yelpcdn.com/bphoto/2V7070uN9mZdQbtgButkEw/ms.jpg
195,http://s3-media2.fl.yelpcdn.com/bphoto/CZ1eoJZTpTmLk32T5Waowg/ms.jpg
196,http://s3-media4.fl.yelpcdn.com/bphoto/5Jot25UIn4myc_JtxXq-5A/ms.jpg
197,http://s3-media3.fl.yelpcdn.com/bphoto/GsUZ6i_w4mRfvXtJvLlFPw/ms.jpg
198,http://s3-media4.fl.yelpcdn.com/bphoto/jso-5gjkwXMdHw_x3bMPtA/ms.jpg
199,http://s3-media4.fl.yelpcdn.com/bphoto/CTf4d4PfWO-gAItWwX6abA/ms.jpg
200,http://s3-media2.fl.yelpcdn.com/bphoto/MADVDnUkCdxu5U99cTGdDA/ms.jpg
201,http://s3-media1.fl.yelpcdn.com/bphoto/xfIRkXyHvySsP7iM7aNrDA/ms.jpg
202,http://s3-media1.fl.yelpcdn.com/bphoto/LeEuovRl18sT7t0jq8WLnw/ms.jpg
203,http://s3-media2.fl.yelpcdn.com/bphoto/1okPzrmK6_A6wkouTg1yNQ/ms.jpg
204,http://s3-media1.fl.yelpcdn.com/bphoto/ZAZbL_lhhTN1hSawu8xdNQ/ms.jpg
205,http://s3-media1.fl.yelpcdn.com/bphoto/0pKxjKmI5ZiQlS8pcRlY5w/ms.jpg
206,http://s3-media1.fl.yelpcdn.com/bphoto/_usTqjg73D4pYTKX23O3AQ/ms.jpg
207,http://s3-media2.fl.yelpcdn.com/bphoto/80JN5opx1OCAC9XfhdTjnw/ms.jpg
208,http://s3-media2.fl.yelpcdn.com/bphoto/NticQ4oIg5pKhjo5560BKQ/ms.jpg
209,http://s3-media3.fl.yelpcdn.com/bphoto/wrsAKCNzi3sJPUl6CPhXWA/ms.jpg
210,http://s3-media3.fl.yelpcdn.com/bphoto/Y9z0dKo4lIdk-tGLlGhFjQ/ms.jpg
211,http://s3-media3.fl.yelpcdn.com/bphoto/N-h7E3gw_lcKESH4cXqjPw/ms.jpg
212,http://s3-media1.fl.yelpcdn.com/bphoto/Keb7DbPEZSM6PdVpsUcdTg/ms.jpg
213,http://s3-media2.fl.yelpcdn.com/bphoto/Z_SeMmyWb9DJWFz-yCsKjA/ms.jpg
214,http://s3-media3.fl.yelpcdn.com/bphoto/69BP7yPUrHLd5Tw7Rry1Jw/ms.jpg
215,http://s3-media1.fl.yelpcdn.com/bphoto/COI7gtY13rdJnUD5Xyy1jQ/ms.jpg
216,http://s3-media2.fl.yelpcdn.com/bphoto/PcLeB3dKJnmzQJ6D-ccIrg/ms.jpg
217,http://s3-media3.fl.yelpcdn.com/bphoto/JIsq9skASZW2J2U0igebRg/ms.jpg
218,http://s3-media2.fl.yelpcdn.com/bphoto/ydGHduMdgkwjlDU55TNdXg/ms.jpg
219,http://s3-media4.fl.yelpcdn.com/bphoto/NEZ5kgM78MUA9yGs95z0SA/ms.jpg
220,http://s3-media1.fl.yelpcdn.com/bphoto/p-a_KC8f7LiGPwNhJo-WAQ/ms.jpg
221,http://s3-media4.fl.yelpcdn.com/bphoto/jQhChIQqyA_Gm9hjA0l3sg/ms.jpg
222,http://s3-media4.fl.yelpcdn.com/bphoto/YhczSeiEG2J9PrGqwW2ZZQ/ms.jpg
223,http://s3-media2.fl.yelpcdn.com/bphoto/gu6zFtaxm45VSkL4lcRXpg/ms.jpg
224,http://s3-media2.fl.yelpcdn.com/bphoto/7Q6YnnG6gck6wDPVu5zdZg/ms.jpg
225,http://s3-media4.fl.yelpcdn.com/bphoto/oe8MsNgi3-b7-mIc4GlhvQ/ms.jpg
226,http://s3-media3.fl.yelpcdn.com/bphoto/obcpI8ZfM-Vq3gRWWq2msg/ms.jpg
227,http://s3-media2.fl.yelpcdn.com/bphoto/WY8NUYGpDx3TJ0dHXKjQhg/ms.jpg
228,http://s3-media2.fl.yelpcdn.com/bphoto/C8ZPPjpKcoJWIKxurB7NiQ/ms.jpg
229,http://s3-media3.fl.yelpcdn.com/bphoto/KMmgg60ma5fbfEOkqh9TPg/ms.jpg
230,http://s3-media3.fl.yelpcdn.com/bphoto/_c1JwizhtQRZwOAeNBSrXQ/ms.jpg
231,http://s3-media1.fl.yelpcdn.com/bphoto/nioAK6y6FSO7UaAqDilrdw/ms.jpg
232,http://s3-media1.fl.yelpcdn.com/bphoto/KnR2uiBUUCAS-NHWMl9SbA/ms.jpg
233,http://s3-media4.fl.yelpcdn.com/bphoto/8xTMuEZsoOIihTfpseoqbg/ms.jpg
234,http://s3-media4.fl.yelpcdn.com/bphoto/5_0j3O72CQHPusnwSP_xjQ/ms.jpg
235,http://s3-media1.fl.yelpcdn.com/bphoto/oZgAZz9LXb4Q8kOdS5PDlA/ms.jpg
236,http://s3-media4.fl.yelpcdn.com/bphoto/vbvPT0rakddjO1WPn2mdjg/ms.jpg
237,http://s3-media4.fl.yelpcdn.com/bphoto/k_YXdimQ5J1N65wP8cn6eQ/ms.jpg
238,http://s3-media3.fl.yelpcdn.com/bphoto/cHV4Pq07kvHQqOlPjg4fkA/ms.jpg
239,http://s3-media4.fl.yelpcdn.com/bphoto/s1GYMiCfuKmrmF1R6IsnZA/ms.jpg
240,http://s3-media4.fl.yelpcdn.com/bphoto/4S7g5u-wytF17BMlmlpkIQ/ms.jpg
241,http://s3-media3.fl.yelpcdn.com/bphoto/WVe-v9ZSkfge2BZNmBleaA/ms.jpg
242,http://s3-media4.fl.yelpcdn.com/bphoto/JnXC0XrIxU9M_S-maGaPfw/ms.jpg
243,http://s3-media3.fl.yelpcdn.com/bphoto/o8h--p4GTF0e1Ok1SQU7rQ/ms.jpg
244,http://s3-media1.fl.yelpcdn.com/bphoto/1tCed1S7mkUWAjR49SgNAA/ms.jpg
245,http://s3-media1.fl.yelpcdn.com/bphoto/w5azfAZdDASAhass_BTseg/ms.jpg
246,http://s3-media2.fl.yelpcdn.com/bphoto/GuLlkvP6gFyJRVvElW8R3g/ms.jpg
247,http://s3-media1.fl.yelpcdn.com/bphoto/Ct47WviLt07lgVDjdWuKLw/ms.jpg
248,http://s3-media1.fl.yelpcdn.com/bphoto/ETTTto2evjnETaPg1WUl6g/ms.jpg
249,http://s3-media1.fl.yelpcdn.com/bphoto/dc7TB_3yenuBYJwIIVRB8A/ms.jpg
250,http://s3-media1.fl.yelpcdn.com/bphoto/bMCtxJMBJGQba2DbvuWIRg/ms.jpg
251,http://s3-media3.fl.yelpcdn.com/bphoto/J7FT3s5sh3ERL5vNjgMBaQ/ms.jpg
252,http://s3-media2.fl.yelpcdn.com/bphoto/D-JiXOm1cEmWJY1pM08WgA/ms.jpg
253,http://s3-media1.fl.yelpcdn.com/bphoto/_kwNcCfnFNrc0Fmta533NA/ms.jpg
254,http://s3-media1.fl.yelpcdn.com/bphoto/8pugyhcSkHiyCFKaDavOhA/ms.jpg
255,http://s3-media1.fl.yelpcdn.com/bphoto/syTRpc5fzvgoTUx3x8BH1g/ms.jpg
256,http://s3-media1.fl.yelpcdn.com/bphoto/xW6ElnaaQOJ0WCGs6zr0_w/ms.jpg
257,http://s3-media3.fl.yelpcdn.com/bphoto/wbCTFvIvgsxorj5fS3slKw/ms.jpg
258,http://s3-media1.fl.yelpcdn.com/bphoto/KHPJ5SrP2jyUVUvSewb17A/ms.jpg
259,http://s3-media3.fl.yelpcdn.com/bphoto/jFKgbwN7jpsye2sEDxMjgw/ms.jpg
260,http://s3-media4.fl.yelpcdn.com/bphoto/Q4o97ubPK863dEGyz8HrHg/ms.jpg
261,http://s3-media2.fl.yelpcdn.com/bphoto/wi2DzsUIpHv3gl25GUZNHQ/ms.jpg
262,http://s3-media4.fl.yelpcdn.com/bphoto/B9CGtGEJWIqRXTvSRnZuhA/ms.jpg
263,http://s3-media2.fl.yelpcdn.com/bphoto/EZ0s5LEideDQabi27-fleQ/ms.jpg
264,http://s3-media2.fl.yelpcdn.com/bphoto/j6QPJEFgOgznDVYJnfbSaw/ms.jpg
265,http://s3-media4.fl.yelpcdn.com/bphoto/LceVZp7OKiByBo1hke47fg/ms.jpg
266,http://s3-media3.fl.yelpcdn.com/bphoto/gCvBp9tgdiDvzctINouIcA/ms.jpg
267,http://s3-media1.fl.yelpcdn.com/bphoto/BqNEOV5xzGYqnaN7Lxhskw/ms.jpg
268,http://s3-media3.fl.yelpcdn.com/bphoto/FfC1t6rfq7spUWWYQ5Erug/ms.jpg
269,http://s3-media3.fl.yelpcdn.com/bphoto/P4er8H-KM32yg0Ku6sPByQ/ms.jpg
270,http://s3-media2.fl.yelpcdn.com/bphoto/y8RBR3mp_LCfmad8wnFhVg/ms.jpg
271,http://s3-media2.fl.yelpcdn.com/bphoto/m7Gc_K-idqQRRsSTl63J5g/ms.jpg
272,http://s3-media3.fl.yelpcdn.com/bphoto/_c8dYYG6zL6BGmcYmbRW0w/ms.jpg
273,http://s3-media3.fl.yelpcdn.com/bphoto/1sMcfzNKvTK3D2BVmTem_Q/ms.jpg
274,http://s3-media4.fl.yelpcdn.com/bphoto/e9G87ji-UmsLav8dNGSnXQ/ms.jpg
275,http://s3-media2.fl.yelpcdn.com/bphoto/J5JK_uM-jM4STYZqCBTdWA/ms.jpg
276,http://s3-media1.fl.yelpcdn.com/bphoto/ebnHZxOh3rYtWHND_vcqKg/ms.jpg
277,http://s3-media4.fl.yelpcdn.com/bphoto/hVXu278mSz1wyX_LTyJZOQ/ms.jpg
278,http://s3-media2.fl.yelpcdn.com/bphoto/8KGF1KwkySmw5-BzRYjMdw/ms.jpg
279,http://s3-media3.fl.yelpcdn.com/bphoto/7zAZACbEhb7Ce2UszyljHg/ms.jpg
280,http://s3-media3.fl.yelpcdn.com/bphoto/T1npA5NDdswpFq_JeT3_MA/ms.jpg
281,http://s3-media4.fl.yelpcdn.com/bphoto/3eAtRy5xxV9x7xAUwEd8Ow/ms.jpg
282,http://s3-media3.fl.yelpcdn.com/bphoto/VUj721gp_KBsNO_BYW_49g/ms.jpg
283,http://s3-media2.fl.yelpcdn.com/bphoto/SwzRMsNTB9FXqPmu3E2CSQ/ms.jpg
284,http://s3-media2.fl.yelpcdn.com/bphoto/yPaDs4wUXhgZ_9UjBTYCqQ/ms.jpg
285,http://s3-media1.fl.yelpcdn.com/bphoto/IPmJrHBWKKZOjDkpX2ctWQ/ms.jpg
286,http://s3-media3.fl.yelpcdn.com/bphoto/suSmyaz9qaaGsxqeVP8UVQ/ms.jpg
287,http://s3-media1.fl.yelpcdn.com/bphoto/nioAK6y6FSO7UaAqDilrdw/ms.jpg
288,http://s3-media4.fl.yelpcdn.com/bphoto/5_0j3O72CQHPusnwSP_xjQ/ms.jpg
289,http://s3-media3.fl.yelpcdn.com/bphoto/WLouiEmAkvO7jhjDg-i7yg/ms.jpg
290,http://s3-media4.fl.yelpcdn.com/bphoto/vbvPT0rakddjO1WPn2mdjg/ms.jpg
291,http://s3-media4.fl.yelpcdn.com/bphoto/k_YXdimQ5J1N65wP8cn6eQ/ms.jpg
292,http://s3-media1.fl.yelpcdn.com/bphoto/UhDIOIDRaGlsRfpddmKeYw/ms.jpg
293,http://s3-media2.fl.yelpcdn.com/bphoto/w3U6SZ5xKOz634QBY2VSUA/ms.jpg
294,http://s3-media2.fl.yelpcdn.com/bphoto/t8eghTwi13-1KiSO3j5_KQ/ms.jpg
295,http://s3-media3.fl.yelpcdn.com/bphoto/Sdr6h-mPfISj8DuUWdCAOQ/ms.jpg
296,http://s3-media3.fl.yelpcdn.com/bphoto/8Z3KAIdIjnIr-pJM2U6hVA/ms.jpg
297,http://s3-media2.fl.yelpcdn.com/bphoto/RZGKzFs8zdDCq2SczL92Zg/ms.jpg
298,http://s3-media4.fl.yelpcdn.com/bphoto/601qt92JqBRzUhfdnyc83g/ms.jpg
299,http://s3-media2.fl.yelpcdn.com/bphoto/Zba3hPDPYAMZT8xGasGjQg/ms.jpg
300,http://s3-media3.fl.yelpcdn.com/bphoto/cYzTxLRxMCeao8KVq8ia0Q/ms.jpg
301,http://s3-media2.fl.yelpcdn.com/bphoto/3ouAADNl5yrqbK8dUyX18A/ms.jpg
302,http://s3-media1.fl.yelpcdn.com/bphoto/OKgMFHeVmGN8SMbkkq-Kkg/ms.jpg
303,http://s3-media2.fl.yelpcdn.com/bphoto/xRpwY3DlgIRQAN8NyzoZAw/ms.jpg
304,http://s3-media3.fl.yelpcdn.com/bphoto/x5rXvBPQmlvxdxCuP99smA/ms.jpg
305,http://s3-media2.fl.yelpcdn.com/bphoto/lqkXggo93JqoqxmUwJgIEA/ms.jpg
306,http://s3-media2.fl.yelpcdn.com/bphoto/0YSy-S-BDmC21XczgN3ugA/ms.jpg
307,http://s3-media3.fl.yelpcdn.com/bphoto/N-h7E3gw_lcKESH4cXqjPw/ms.jpg
308,http://s3-media3.fl.yelpcdn.com/bphoto/ZZLFpd2OZHPV-ts9yVEYxA/ms.jpg
309,http://s3-media4.fl.yelpcdn.com/bphoto/-9WVIAmyuCAi9MjRERd7og/ms.jpg
310,http://s3-media4.fl.yelpcdn.com/bphoto/IlZ1SIM_hPClarbGsYup8g/ms.jpg
311,http://s3-media1.fl.yelpcdn.com/bphoto/COI7gtY13rdJnUD5Xyy1jQ/ms.jpg
312,http://s3-media3.fl.yelpcdn.com/bphoto/qvR21xrFPaAWp4uRnSE-0g/ms.jpg
313,http://s3-media4.fl.yelpcdn.com/bphoto/XEwLqyubAMGtMlHv30Iv1g/ms.jpg
314,http://s3-media4.fl.yelpcdn.com/bphoto/FWDUHpJKUnOkheQCjUjaEg/ms.jpg
315,http://s3-media3.fl.yelpcdn.com/bphoto/AZPv5wxkzY4CXOEk_Pgoew/ms.jpg
316,http://s3-media1.fl.yelpcdn.com/bphoto/p-a_KC8f7LiGPwNhJo-WAQ/ms.jpg
317,http://s3-media1.fl.yelpcdn.com/bphoto/_ColhGshM8HKfgZVTkxfpw/ms.jpg
318,http://s3-media3.fl.yelpcdn.com/bphoto/oGtXWpqqynGNuYrJey-CJQ/ms.jpg
319,http://s3-media3.fl.yelpcdn.com/bphoto/_8z7aH5cl6SroBMzzLnbcQ/ms.jpg
320,http://s3-media3.fl.yelpcdn.com/bphoto/tiJRA3JfI3YHi-9oxIZKoA/ms.jpg
321,http://s3-media1.fl.yelpcdn.com/bphoto/kQgX6QsdRbi3_EA_6N45cg/ms.jpg
322,http://s3-media4.fl.yelpcdn.com/bphoto/BSSZ_jHv6lkUqZwMSEhOmQ/ms.jpg
323,http://s3-media2.fl.yelpcdn.com/bphoto/51V3sJbNXwuHpFUPNn3Rvw/ms.jpg
324,http://s3-media4.fl.yelpcdn.com/bphoto/9wlycaHJVNYYeAm1pM6K_Q/ms.jpg
325,http://s3-media4.fl.yelpcdn.com/bphoto/bpezyAONwzl1F-vPL-pPXw/ms.jpg
326,http://s3-media2.fl.yelpcdn.com/bphoto/m48zh126AMWRKRntWLRo6A/ms.jpg
327,http://s3-media4.fl.yelpcdn.com/bphoto/5bxSQIoNAvovmgl-YDz78g/ms.jpg
328,http://s3-media2.fl.yelpcdn.com/bphoto/PKKUGiJ8-HMkOcFjDgedRg/ms.jpg
329,http://s3-media4.fl.yelpcdn.com/bphoto/sXVeX9W7IOrjA1rz6gfg5Q/ms.jpg
330,http://s3-media4.fl.yelpcdn.com/bphoto/rvnpdlHghsM7Hj-42anzlA/ms.jpg
331,http://s3-media4.fl.yelpcdn.com/bphoto/60rJwSrjc0FmAAn685yTLA/ms.jpg
332,http://s3-media4.fl.yelpcdn.com/bphoto/4edLnDgDJzOZinvuH7akNA/ms.jpg
333,http://s3-media4.fl.yelpcdn.com/bphoto/gL5oyBlbM3whlKnl3CVL6A/ms.jpg
334,http://s3-media3.fl.yelpcdn.com/bphoto/CTSD1H5dLXwhwUOY_bb2ww/ms.jpg
335,http://s3-media2.fl.yelpcdn.com/bphoto/4MtlqlzOIGvOvOeQxJTu6Q/ms.jpg
336,http://s3-media3.fl.yelpcdn.com/bphoto/JK9tSTEjCpe_GHaof0yRRQ/ms.jpg
337,http://s3-media2.fl.yelpcdn.com/bphoto/-KHZCuxfmrKmq2PANLbMVw/ms.jpg
338,err.png
339,http://s3-media3.fl.yelpcdn.com/bphoto/cVclOxg2OzGBCy2-vQuB6A/ms.jpg
340,http://s3-media3.fl.yelpcdn.com/bphoto/CR1n3S1FDPXbtil4wx7fOw/ms.jpg
341,http://s3-media2.fl.yelpcdn.com/bphoto/UfOR9zAZj7VYtHbFMsRxPQ/ms.jpg
342,http://s3-media3.fl.yelpcdn.com/bphoto/MYZgpqSfsHBE2rjfLe62YA/ms.jpg
